"chamber_id","name","area_id"
1,"Diputación del Distrito Federal 1 de AGUASCALIENTES",4
2,"Diputación del Distrito Federal 1 de BAJA CALIFORNIA",9
3,"Diputación del Distrito Federal 1 de BAJA CALIFORNIA SUR",18
4,"Diputación del Distrito Federal 1 de CAMPECHE",36
5,"Diputación del Distrito Federal 1 de CHIAPAS",50
6,"Diputación del Distrito Federal 1 de CHIHUAHUA",23
7,"Diputación del Distrito Federal 1 de CIUDAD DE MÉXICO",80
8,"Diputación del Distrito Federal 1 de COAHUILA DE ZARAGOZA",41
9,"Diputación del Distrito Federal 1 de COLIMA",33
10,"Diputación del Distrito Federal 1 de DURANGO",105
11,"Diputación del Distrito Federal 1 de ESTADO DE MÉXICO",121
12,"Diputación del Distrito Federal 1 de GUANAJUATO",174
13,"Diputación del Distrito Federal 1 de GUERRERO",164
14,"Diputación del Distrito Federal 1 de HIDALGO",190
15,"Diputación del Distrito Federal 1 de JALISCO",198
16,"Diputación del Distrito Federal 1 de MICHOACÁN DE OCAMPO",220
17,"Diputación del Distrito Federal 1 de MORELOS",233
18,"Diputación del Distrito Federal 1 de NAYARIT",240
19,"Diputación del Distrito Federal 1 de NUEVO LEÓN",245
20,"Diputación del Distrito Federal 1 de OAXACA",258
21,"Diputación del Distrito Federal 1 de PUEBLA",269
22,"Diputación del Distrito Federal 1 de QUERÉTARO",291
23,"Diputación del Distrito Federal 1 de QUINTANA ROO",285
24,"Diputación del Distrito Federal 1 de SAN LUIS POTOSÍ",307
25,"Diputación del Distrito Federal 1 de SINALOA",298
26,"Diputación del Distrito Federal 1 de SONORA",316
27,"Diputación del Distrito Federal 1 de TABASCO",324
28,"Diputación del Distrito Federal 1 de TAMAULIPAS",335
29,"Diputación del Distrito Federal 1 de TLAXCALA",331
30,"Diputación del Distrito Federal 1 de VERACRUZ DE IGNACIO DE LA LLAVE",345
31,"Diputación del Distrito Federal 1 de YUCATÁN",366
32,"Diputación del Distrito Federal 1 de ZACATECAS",372
33,"Diputación del Distrito Federal 10 de CHIAPAS",51
34,"Diputación del Distrito Federal 10 de CIUDAD DE MÉXICO",81
35,"Diputación del Distrito Federal 10 de ESTADO DE MÉXICO",122
36,"Diputación del Distrito Federal 10 de GUANAJUATO",175
37,"Diputación del Distrito Federal 10 de JALISCO",199
38,"Diputación del Distrito Federal 10 de MICHOACÁN DE OCAMPO",221
39,"Diputación del Distrito Federal 10 de NUEVO LEÓN",246
40,"Diputación del Distrito Federal 10 de OAXACA",259
41,"Diputación del Distrito Federal 10 de PUEBLA",270
42,"Diputación del Distrito Federal 10 de VERACRUZ DE IGNACIO DE LA LLAVE",346
43,"Diputación del Distrito Federal 11 de CHIAPAS",52
44,"Diputación del Distrito Federal 11 de CIUDAD DE MÉXICO",82
45,"Diputación del Distrito Federal 11 de ESTADO DE MÉXICO",123
46,"Diputación del Distrito Federal 11 de GUANAJUATO",176
47,"Diputación del Distrito Federal 11 de JALISCO",200
48,"Diputación del Distrito Federal 11 de MICHOACÁN DE OCAMPO",222
49,"Diputación del Distrito Federal 11 de NUEVO LEÓN",247
50,"Diputación del Distrito Federal 11 de PUEBLA",271
51,"Diputación del Distrito Federal 11 de VERACRUZ DE IGNACIO DE LA LLAVE",347
52,"Diputación del Distrito Federal 12 de CHIAPAS",53
53,"Diputación del Distrito Federal 12 de CIUDAD DE MÉXICO",83
54,"Diputación del Distrito Federal 12 de ESTADO DE MÉXICO",124
55,"Diputación del Distrito Federal 12 de GUANAJUATO",177
56,"Diputación del Distrito Federal 12 de JALISCO",201
,"Diputación del Distrito Federal 12 de MICHOACÁN DE OCAMPO",0
58,"Diputación del Distrito Federal 12 de NUEVO LEÓN",248
59,"Diputación del Distrito Federal 12 de PUEBLA",272
60,"Diputación del Distrito Federal 12 de VERACRUZ DE IGNACIO DE LA LLAVE",348
61,"Diputación del Distrito Federal 13 de CHIAPAS",54
62,"Diputación del Distrito Federal 13 de CIUDAD DE MÉXICO",84
63,"Diputación del Distrito Federal 13 de ESTADO DE MÉXICO",125
64,"Diputación del Distrito Federal 13 de GUANAJUATO",178
65,"Diputación del Distrito Federal 13 de JALISCO",202
66,"Diputación del Distrito Federal 13 de PUEBLA",273
67,"Diputación del Distrito Federal 13 de VERACRUZ DE IGNACIO DE LA LLAVE",349
68,"Diputación del Distrito Federal 14 de CIUDAD DE MÉXICO",85
69,"Diputación del Distrito Federal 14 de ESTADO DE MÉXICO",126
70,"Diputación del Distrito Federal 14 de GUANAJUATO",179
71,"Diputación del Distrito Federal 14 de JALISCO",203
72,"Diputación del Distrito Federal 14 de PUEBLA",274
73,"Diputación del Distrito Federal 14 de VERACRUZ DE IGNACIO DE LA LLAVE",350
74,"Diputación del Distrito Federal 15 de CIUDAD DE MÉXICO",86
75,"Diputación del Distrito Federal 15 de ESTADO DE MÉXICO",127
76,"Diputación del Distrito Federal 15 de GUANAJUATO",180
77,"Diputación del Distrito Federal 15 de JALISCO",204
78,"Diputación del Distrito Federal 15 de PUEBLA",275
79,"Diputación del Distrito Federal 15 de VERACRUZ DE IGNACIO DE LA LLAVE",351
80,"Diputación del Distrito Federal 16 de CIUDAD DE MÉXICO",87
81,"Diputación del Distrito Federal 16 de ESTADO DE MÉXICO",128
82,"Diputación del Distrito Federal 16 de JALISCO",205
83,"Diputación del Distrito Federal 16 de VERACRUZ DE IGNACIO DE LA LLAVE",352
84,"Diputación del Distrito Federal 17 de CIUDAD DE MÉXICO",88
85,"Diputación del Distrito Federal 17 de ESTADO DE MÉXICO",129
86,"Diputación del Distrito Federal 17 de JALISCO",206
87,"Diputación del Distrito Federal 17 de VERACRUZ DE IGNACIO DE LA LLAVE",353
88,"Diputación del Distrito Federal 18 de CIUDAD DE MÉXICO",89
89,"Diputación del Distrito Federal 18 de ESTADO DE MÉXICO",130
90,"Diputación del Distrito Federal 18 de JALISCO",207
91,"Diputación del Distrito Federal 18 de VERACRUZ DE IGNACIO DE LA LLAVE",354
92,"Diputación del Distrito Federal 19 de CIUDAD DE MÉXICO",90
93,"Diputación del Distrito Federal 19 de ESTADO DE MÉXICO",131
94,"Diputación del Distrito Federal 19 de JALISCO",208
95,"Diputación del Distrito Federal 19 de VERACRUZ DE IGNACIO DE LA LLAVE",355
96,"Diputación del Distrito Federal 2 de AGUASCALIENTES",5
97,"Diputación del Distrito Federal 2 de BAJA CALIFORNIA",10
98,"Diputación del Distrito Federal 2 de BAJA CALIFORNIA SUR",19
99,"Diputación del Distrito Federal 2 de CAMPECHE",37
100,"Diputación del Distrito Federal 2 de CHIAPAS",55
101,"Diputación del Distrito Federal 2 de CHIHUAHUA",24
102,"Diputación del Distrito Federal 2 de CIUDAD DE MÉXICO",91
103,"Diputación del Distrito Federal 2 de COAHUILA DE ZARAGOZA",42
104,"Diputación del Distrito Federal 2 de COLIMA",34
105,"Diputación del Distrito Federal 2 de DURANGO",106
106,"Diputación del Distrito Federal 2 de ESTADO DE MÉXICO",132
107,"Diputación del Distrito Federal 2 de GUANAJUATO",181
108,"Diputación del Distrito Federal 2 de GUERRERO",165
109,"Diputación del Distrito Federal 2 de HIDALGO",191
110,"Diputación del Distrito Federal 2 de JALISCO",209
111,"Diputación del Distrito Federal 2 de MICHOACÁN DE OCAMPO",224
112,"Diputación del Distrito Federal 2 de MORELOS",234
113,"Diputación del Distrito Federal 2 de NAYARIT",241
114,"Diputación del Distrito Federal 2 de NUEVO LEÓN",249
115,"Diputación del Distrito Federal 2 de OAXACA",260
116,"Diputación del Distrito Federal 2 de PUEBLA",276
117,"Diputación del Distrito Federal 2 de QUERÉTARO",292
118,"Diputación del Distrito Federal 2 de QUINTANA ROO",286
119,"Diputación del Distrito Federal 2 de SAN LUIS POTOSÍ",308
120,"Diputación del Distrito Federal 2 de SINALOA",299
121,"Diputación del Distrito Federal 2 de SONORA",317
122,"Diputación del Distrito Federal 2 de TABASCO",325
123,"Diputación del Distrito Federal 2 de TAMAULIPAS",336
124,"Diputación del Distrito Federal 2 de TLAXCALA",332
125,"Diputación del Distrito Federal 2 de VERACRUZ DE IGNACIO DE LA LLAVE",356
126,"Diputación del Distrito Federal 2 de YUCATÁN",367
127,"Diputación del Distrito Federal 2 de ZACATECAS",373
128,"Diputación del Distrito Federal 20 de CIUDAD DE MÉXICO",92
129,"Diputación del Distrito Federal 20 de ESTADO DE MÉXICO",133
130,"Diputación del Distrito Federal 20 de JALISCO",210
,"Diputación del Distrito Federal 20 de VERACRUZ DE IGNACIO DE LA LLAVE",0
132,"Diputación del Distrito Federal 21 de CIUDAD DE MÉXICO",93
133,"Diputación del Distrito Federal 21 de ESTADO DE MÉXICO",134
134,"Diputación del Distrito Federal 22 de CIUDAD DE MÉXICO",94
135,"Diputación del Distrito Federal 22 de ESTADO DE MÉXICO",135
,"Diputación del Distrito Federal 23 de CIUDAD DE MÉXICO",0
137,"Diputación del Distrito Federal 23 de ESTADO DE MÉXICO",136
,"Diputación del Distrito Federal 24 de CIUDAD DE MÉXICO",0
139,"Diputación del Distrito Federal 24 de ESTADO DE MÉXICO",137
140,"Diputación del Distrito Federal 25 de ESTADO DE MÉXICO",138
141,"Diputación del Distrito Federal 26 de ESTADO DE MÉXICO",139
142,"Diputación del Distrito Federal 27 de ESTADO DE MÉXICO",140
143,"Diputación del Distrito Federal 28 de ESTADO DE MÉXICO",141
144,"Diputación del Distrito Federal 29 de ESTADO DE MÉXICO",142
145,"Diputación del Distrito Federal 3 de AGUASCALIENTES",6
146,"Diputación del Distrito Federal 3 de BAJA CALIFORNIA",11
147,"Diputación del Distrito Federal 3 de CHIAPAS",56
148,"Diputación del Distrito Federal 3 de CHIHUAHUA",25
149,"Diputación del Distrito Federal 3 de CIUDAD DE MÉXICO",97
150,"Diputación del Distrito Federal 3 de COAHUILA DE ZARAGOZA",43
151,"Diputación del Distrito Federal 3 de DURANGO",107
152,"Diputación del Distrito Federal 3 de ESTADO DE MÉXICO",143
153,"Diputación del Distrito Federal 3 de GUANAJUATO",182
154,"Diputación del Distrito Federal 3 de GUERRERO",166
155,"Diputación del Distrito Federal 3 de HIDALGO",192
156,"Diputación del Distrito Federal 3 de JALISCO",211
157,"Diputación del Distrito Federal 3 de MICHOACÁN DE OCAMPO",225
158,"Diputación del Distrito Federal 3 de MORELOS",235
159,"Diputación del Distrito Federal 3 de NAYARIT",242
160,"Diputación del Distrito Federal 3 de NUEVO LEÓN",250
161,"Diputación del Distrito Federal 3 de OAXACA",261
162,"Diputación del Distrito Federal 3 de PUEBLA",277
163,"Diputación del Distrito Federal 3 de QUERÉTARO",293
164,"Diputación del Distrito Federal 3 de QUINTANA ROO",287
165,"Diputación del Distrito Federal 3 de SAN LUIS POTOSÍ",309
166,"Diputación del Distrito Federal 3 de SINALOA",300
167,"Diputación del Distrito Federal 3 de SONORA",318
168,"Diputación del Distrito Federal 3 de TABASCO",326
169,"Diputación del Distrito Federal 3 de TAMAULIPAS",337
170,"Diputación del Distrito Federal 3 de TLAXCALA",333
171,"Diputación del Distrito Federal 3 de VERACRUZ DE IGNACIO DE LA LLAVE",358
172,"Diputación del Distrito Federal 3 de YUCATÁN",368
173,"Diputación del Distrito Federal 3 de ZACATECAS",374
174,"Diputación del Distrito Federal 30 de ESTADO DE MÉXICO",144
175,"Diputación del Distrito Federal 31 de ESTADO DE MÉXICO",145
176,"Diputación del Distrito Federal 32 de ESTADO DE MÉXICO",146
177,"Diputación del Distrito Federal 33 de ESTADO DE MÉXICO",147
178,"Diputación del Distrito Federal 34 de ESTADO DE MÉXICO",148
179,"Diputación del Distrito Federal 35 de ESTADO DE MÉXICO",149
180,"Diputación del Distrito Federal 36 de ESTADO DE MÉXICO",150
181,"Diputación del Distrito Federal 37 de ESTADO DE MÉXICO",151
182,"Diputación del Distrito Federal 38 de ESTADO DE MÉXICO",152
183,"Diputación del Distrito Federal 39 de ESTADO DE MÉXICO",153
184,"Diputación del Distrito Federal 4 de BAJA CALIFORNIA",12
185,"Diputación del Distrito Federal 4 de CHIAPAS",57
186,"Diputación del Distrito Federal 4 de CHIHUAHUA",26
187,"Diputación del Distrito Federal 4 de CIUDAD DE MÉXICO",98
188,"Diputación del Distrito Federal 4 de COAHUILA DE ZARAGOZA",44
189,"Diputación del Distrito Federal 4 de DURANGO",108
190,"Diputación del Distrito Federal 4 de ESTADO DE MÉXICO",154
191,"Diputación del Distrito Federal 4 de GUANAJUATO",183
192,"Diputación del Distrito Federal 4 de GUERRERO",167
193,"Diputación del Distrito Federal 4 de HIDALGO",193
194,"Diputación del Distrito Federal 4 de JALISCO",212
195,"Diputación del Distrito Federal 4 de MICHOACÁN DE OCAMPO",226
196,"Diputación del Distrito Federal 4 de MORELOS",236
197,"Diputación del Distrito Federal 4 de NUEVO LEÓN",251
198,"Diputación del Distrito Federal 4 de OAXACA",262
199,"Diputación del Distrito Federal 4 de PUEBLA",278
200,"Diputación del Distrito Federal 4 de QUERÉTARO",294
201,"Diputación del Distrito Federal 4 de QUINTANA ROO",288
202,"Diputación del Distrito Federal 4 de SAN LUIS POTOSÍ",310
203,"Diputación del Distrito Federal 4 de SINALOA",301
204,"Diputación del Distrito Federal 4 de SONORA",319
205,"Diputación del Distrito Federal 4 de TABASCO",327
206,"Diputación del Distrito Federal 4 de TAMAULIPAS",338
207,"Diputación del Distrito Federal 4 de VERACRUZ DE IGNACIO DE LA LLAVE",359
208,"Diputación del Distrito Federal 4 de YUCATÁN",369
209,"Diputación del Distrito Federal 4 de ZACATECAS",375
210,"Diputación del Distrito Federal 40 de ESTADO DE MÉXICO",155
,"Diputación del Distrito Federal 41 de ESTADO DE MÉXICO",0
212,"Diputación del Distrito Federal 5 de BAJA CALIFORNIA",13
213,"Diputación del Distrito Federal 5 de CHIAPAS",58
214,"Diputación del Distrito Federal 5 de CHIHUAHUA",27
215,"Diputación del Distrito Federal 5 de CIUDAD DE MÉXICO",99
216,"Diputación del Distrito Federal 5 de COAHUILA DE ZARAGOZA",45
217,"Diputación del Distrito Federal 5 de ESTADO DE MÉXICO",157
218,"Diputación del Distrito Federal 5 de GUANAJUATO",184
219,"Diputación del Distrito Federal 5 de GUERRERO",168
220,"Diputación del Distrito Federal 5 de HIDALGO",194
221,"Diputación del Distrito Federal 5 de JALISCO",213
222,"Diputación del Distrito Federal 5 de MICHOACÁN DE OCAMPO",227
223,"Diputación del Distrito Federal 5 de MORELOS",237
224,"Diputación del Distrito Federal 5 de NUEVO LEÓN",252
225,"Diputación del Distrito Federal 5 de OAXACA",263
226,"Diputación del Distrito Federal 5 de PUEBLA",279
227,"Diputación del Distrito Federal 5 de QUERÉTARO",295
228,"Diputación del Distrito Federal 5 de SAN LUIS POTOSÍ",311
229,"Diputación del Distrito Federal 5 de SINALOA",302
230,"Diputación del Distrito Federal 5 de SONORA",320
231,"Diputación del Distrito Federal 5 de TABASCO",328
232,"Diputación del Distrito Federal 5 de TAMAULIPAS",339
233,"Diputación del Distrito Federal 5 de VERACRUZ DE IGNACIO DE LA LLAVE",360
234,"Diputación del Distrito Federal 5 de YUCATÁN",370
235,"Diputación del Distrito Federal 6 de BAJA CALIFORNIA",14
236,"Diputación del Distrito Federal 6 de CHIAPAS",59
237,"Diputación del Distrito Federal 6 de CHIHUAHUA",28
238,"Diputación del Distrito Federal 6 de CIUDAD DE MÉXICO",100
239,"Diputación del Distrito Federal 6 de COAHUILA DE ZARAGOZA",46
240,"Diputación del Distrito Federal 6 de ESTADO DE MÉXICO",158
241,"Diputación del Distrito Federal 6 de GUANAJUATO",185
242,"Diputación del Distrito Federal 6 de GUERRERO",169
243,"Diputación del Distrito Federal 6 de HIDALGO",195
244,"Diputación del Distrito Federal 6 de JALISCO",214
245,"Diputación del Distrito Federal 6 de MICHOACÁN DE OCAMPO",228
246,"Diputación del Distrito Federal 6 de NUEVO LEÓN",253
247,"Diputación del Distrito Federal 6 de OAXACA",264
248,"Diputación del Distrito Federal 6 de PUEBLA",280
249,"Diputación del Distrito Federal 6 de SAN LUIS POTOSÍ",312
250,"Diputación del Distrito Federal 6 de SINALOA",303
251,"Diputación del Distrito Federal 6 de SONORA",321
252,"Diputación del Distrito Federal 6 de TABASCO",329
253,"Diputación del Distrito Federal 6 de TAMAULIPAS",340
254,"Diputación del Distrito Federal 6 de VERACRUZ DE IGNACIO DE LA LLAVE",361
255,"Diputación del Distrito Federal 7 de BAJA CALIFORNIA",15
256,"Diputación del Distrito Federal 7 de CHIAPAS",60
257,"Diputación del Distrito Federal 7 de CHIHUAHUA",29
258,"Diputación del Distrito Federal 7 de CIUDAD DE MÉXICO",101
259,"Diputación del Distrito Federal 7 de COAHUILA DE ZARAGOZA",47
260,"Diputación del Distrito Federal 7 de ESTADO DE MÉXICO",159
261,"Diputación del Distrito Federal 7 de GUANAJUATO",186
262,"Diputación del Distrito Federal 7 de GUERRERO",170
263,"Diputación del Distrito Federal 7 de HIDALGO",196
264,"Diputación del Distrito Federal 7 de JALISCO",215
265,"Diputación del Distrito Federal 7 de MICHOACÁN DE OCAMPO",229
266,"Diputación del Distrito Federal 7 de NUEVO LEÓN",254
267,"Diputación del Distrito Federal 7 de OAXACA",265
268,"Diputación del Distrito Federal 7 de PUEBLA",281
269,"Diputación del Distrito Federal 7 de SAN LUIS POTOSÍ",313
270,"Diputación del Distrito Federal 7 de SINALOA",304
271,"Diputación del Distrito Federal 7 de SONORA",322
272,"Diputación del Distrito Federal 7 de TAMAULIPAS",341
273,"Diputación del Distrito Federal 7 de VERACRUZ DE IGNACIO DE LA LLAVE",362
274,"Diputación del Distrito Federal 8 de BAJA CALIFORNIA",16
275,"Diputación del Distrito Federal 8 de CHIAPAS",61
276,"Diputación del Distrito Federal 8 de CHIHUAHUA",30
277,"Diputación del Distrito Federal 8 de CIUDAD DE MÉXICO",102
278,"Diputación del Distrito Federal 8 de ESTADO DE MÉXICO",160
279,"Diputación del Distrito Federal 8 de GUANAJUATO",187
280,"Diputación del Distrito Federal 8 de GUERRERO",171
281,"Diputación del Distrito Federal 8 de JALISCO",216
282,"Diputación del Distrito Federal 8 de MICHOACÁN DE OCAMPO",230
283,"Diputación del Distrito Federal 8 de NUEVO LEÓN",255
284,"Diputación del Distrito Federal 8 de OAXACA",266
285,"Diputación del Distrito Federal 8 de PUEBLA",282
286,"Diputación del Distrito Federal 8 de TAMAULIPAS",342
287,"Diputación del Distrito Federal 8 de VERACRUZ DE IGNACIO DE LA LLAVE",363
288,"Diputación del Distrito Federal 9 de CHIAPAS",62
289,"Diputación del Distrito Federal 9 de CHIHUAHUA",31
290,"Diputación del Distrito Federal 9 de CIUDAD DE MÉXICO",103
291,"Diputación del Distrito Federal 9 de ESTADO DE MÉXICO",161
292,"Diputación del Distrito Federal 9 de GUANAJUATO",188
,"Diputación del Distrito Federal 9 de GUERRERO",0
294,"Diputación del Distrito Federal 9 de JALISCO",217
295,"Diputación del Distrito Federal 9 de MICHOACÁN DE OCAMPO",231
296,"Diputación del Distrito Federal 9 de NUEVO LEÓN",256
297,"Diputación del Distrito Federal 9 de OAXACA",267
298,"Diputación del Distrito Federal 9 de PUEBLA",283
,"Diputación del Distrito Federal 9 de TAMAULIPAS",0
300,"Diputación del Distrito Federal 9 de VERACRUZ DE IGNACIO DE LA LLAVE",364
,"Gubernatura de BAJA CALIFORNIA",7
,"Gubernatura de BAJA CALIFORNIA SUR",17
,"Gubernatura de CAMPECHE",35
,"Gubernatura de CHIHUAHUA",20
,"Gubernatura de COLIMA",32
,"Gubernatura de GUERRERO",162
,"Gubernatura de MICHOACÁN DE OCAMPO",218
,"Gubernatura de NAYARIT",238
,"Gubernatura de NUEVO LEÓN",243
,"Gubernatura de QUERÉTARO",289
,"Gubernatura de SAN LUIS POTOSÍ",305
,"Gubernatura de SINALOA",296
,"Gubernatura de SONORA",314
,"Gubernatura de TLAXCALA",330
,"Gubernatura de ZACATECAS",371
316,"Presidencia del municipio de ACAPULCO DE JUÁREZ",163
317,"Presidencia del municipio de AGUASCALIENTES",3
318,"Alcaldia de ÁLVARO OBREGÓN",64
319,"Presidencia del municipio de ATIZAPÁN DE ZARAGOZA",113
320,"Alcaldia de AZCAPOTZALCO",73
321,"Alcaldia de BENITO JUÁREZ",68
322,"Presidencia del municipio de CHIHUAHUA",21
323,"Presidencia del municipio de CHIMALHUACÁN",115
324,"Alcaldia de COYOACÁN",74
325,"Alcaldia de CUAJIMALPA DE MORELOS",75
326,"Alcaldia de CUAUHTÉMOC",69
327,"Presidencia del municipio de CUAUTITLÁN IZCALLI",114
328,"Presidencia del municipio de CULIACÁN",297
329,"Presidencia del municipio de ECATEPEC DE MORELOS",116
330,"Alcaldia de GUSTAVO A. MADERO",76
331,"Presidencia del municipio de HERMOSILLO",315
332,"Presidencia del municipio de IXTAPALUCA",117
333,"Alcaldia de IZTACALCO",77
334,"Alcaldia de IZTAPALAPA",78
335,"Presidencia del municipio de CIUDAD JUÁREZ",22
336,"Alcaldia de LA MAGDALENA CONTRERAS",79
337,"Alcaldia de MIGUEL HIDALGO",70
338,"Alcaldia de MILPA ALTA",71
339,"Presidencia del municipio de MONTERREY",244
340,"Presidencia del municipio de MORELIA",219
341,"Presidencia del municipio de NAUCALPAN",118
342,"Presidencia del municipio de NEZAHUALCÓYOTL",119
343,"Presidencia del municipio de QUERÉTARO",290
344,"Presidencia del municipio de SALTILLO",39
345,"Presidencia del municipio de SAN LUIS POTOSÍ",306
346,"Presidencia del municipio de TECÁMAC",120
347,"Presidencia del municipio de TEPIC",239
348,"Presidencia del municipio de TIJUANA",8
349,"Alcaldia de TLÁHUAC",65
350,"Presidencia del municipio de TLALNEPANTLA DE BAZ",110
351,"Alcaldia de TLALPAN",66
352,"Presidencia del municipio de TOLUCA",111
353,"Presidencia del municipio de TORREÓN",40
354,"Presidencia del municipio de TULTITLÁN",112
355,"Presidencia del municipio de TUXTLA GUTIÉRREZ",49
356,"Alcaldia de VENUSTIANO CARRANZA",72
357,"Alcaldia de XOCHIMILCO",67
358,"Presidencia del municipio de CAMPECHE",376
359,"Presidencia del municipio de CHETUMAL",377
360,"Presidencia del municipio de COLIMA",378
361,"Presidencia del municipio de GUADALAJARA",379
362,"Presidencia del municipio de GUANAJUATO",380
363,"Presidencia del municipio de LA PAZ",381
364,"Presidencia del municipio de MÉRIDA",382
365,"Presidencia del municipio de MEXICALI",383
366,"Presidencia del municipio de OAXACA",384
367,"Presidencia del municipio de PUEBLA",385
368,"Presidencia del municipio de TLAXCALA",386
,"Presidencia del municipio de XALAPA",0
370,"Presidencia del municipio de ZACATECAS",388
,"Presidencia del municipio de CUAUTLA",0
372,"Presidencia del municipio de CUERNAVACA",390
,"Presidencia del municipio de EMILIANO ZAPATA",0
,"Presidencia del municipio de JIUTEPEC",0
,"Presidencia del municipio de TEMIXCO",0
376,"Presidencia del municipio de ZAPOPAN",394
,"Presidencia del municipio de PUERTO VALLARTA",0
378,"Presidencia del municipio de TLAJOMULCO DE ZÚÑIGA",396
379,"Presidencia del municipio de SAN PEDRO TLAQUEPAQUE",397
380,"Presidencia del municipio de TONALÁ",398
381,"Presidencia del municipio de CAJEME",399
,"Presidencia del municipio de NOGALES",0
,"Presidencia del municipio de SAN LUIS RÍO COLORADO",0
,"Presidencia del municipio de NAVOJOA",0
,"Presidencia del municipio de GUAYMAS",0
,"Presidencia del municipio de CALPULALPAN",0
,"Presidencia del municipio de HUAMANTLA",0
,"Presidencia del municipio de SAN PABLO DEL MONTE",0
,"Presidencia del municipio de APIZACO",0
,"Presidencia del municipio de CHIAUTEMPAN",0
,"Presidencia del municipio de FRESNILLO",0
,"Presidencia del municipio de RÍO GRANDE",0
393,"Presidencia del municipio de ENSENADA",411
,"Presidencia del municipio de BOCOYNA",0
,"Presidencia del municipio de GUERRERO",0
,"Presidencia del municipio de MANZANILLO",0
397,"Presidencia del municipio de CELAYA",415
398,"Presidencia del municipio de IRAPUATO",416
399,"Presidencia del municipio de LEÓN",417
,"Presidencia del municipio de SALAMANCA",0
,"Presidencia del municipio de SANTIAGO MARAVATÍO",0
,"Presidencia del municipio de TLAQUEPAQUE",0
403,"Presidencia del municipio de URUAPAN",421
,"Presidencia del municipio de ZAMORA",0
,"Presidencia del municipio de SAN JUAN IHUALTEPEC",0
406,"Presidencia del municipio de BENITO JUÁREZ",424
,"Presidencia del municipio de YÉCORA",0
408,"Gubernatura de YUCATÁN",365
,"Presidencia del municipio de GENERAL ENRIQUE ESTRADA",0
,"Gubernatura de AGUASCALIENTES",2
411,"Gubernatura de CHIAPAS",48
,"Gubernatura de COAHUILA DE ZARAGOZA",38
413,"Gubernatura de CIUDAD DE MÉXICO",63
,"Gubernatura de DURANGO",104
,"Gubernatura de ESTADO DE MÉXICO",109
416,"Gubernatura de GUANAJUATO",173
,"Gubernatura de HIDALGO",189
418,"Gubernatura de JALISCO",197
419,"Gubernatura de MORELOS",232
,"Gubernatura de OAXACA",257
421,"Gubernatura de PUEBLA",268
,"Gubernatura de QUINTANA ROO",284
423,"Gubernatura de TABASCO",323
,"Gubernatura de TAMAULIPAS",334
425,"Gubernatura de VERACRUZ DE IGNACIO DE LA LLAVE",344
426,"Senaduría de AGUASCALIENTES",427
427,"Senaduría de BAJA CALIFORNIA",428
428,"Senaduría de BAJA CALIFORNIA SUR",429
429,"Senaduría de CAMPECHE",430
430,"Senaduría de CHIAPAS",431
431,"Senaduría de CHIHUAHUA",432
432,"Senaduría de COLIMA",433
433,"Senaduría de COAHUILA DE ZARAGOZA",434
434,"Senaduría de CIUDAD DE MÉXICO",435
435,"Senaduría de DURANGO",436
436,"Senaduría de ESTADO DE MÉXICO",437
437,"Senaduría de GUANAJUATO",438
438,"Senaduría de GUERRERO",439
439,"Senaduría de HIDALGO",440
440,"Senaduría de JALISCO",441
441,"Senaduría de MICHOACÁN DE OCAMPO",442
442,"Senaduría de MORELOS",443
443,"Senaduría de NAYARIT",444
444,"Senaduría de NUEVO LEÓN",445
445,"Senaduría de OAXACA",446
446,"Senaduría de PUEBLA",447
447,"Senaduría de QUERÉTARO",448
448,"Senaduría de QUINTANA ROO",449
449,"Senaduría de SAN LUIS POTOSÍ",450
450,"Senaduría de SINALOA",451
451,"Senaduría de SONORA",452
452,"Senaduría de TABASCO",453
453,"Senaduría de TLAXCALA",454
454,"Senaduría de TAMAULIPAS",455
455,"Senaduría de VERACRUZ DE IGNACIO DE LA LLAVE",456
456,"Senaduría de YUCATÁN",457
457,"Senaduría de ZACATECAS",458
,"Diputación del Distrito Local 1 AGUASCALIENTES",0
,"Diputación del Distrito Local 2 AGUASCALIENTES",0
,"Diputación del Distrito Local 3 AGUASCALIENTES",0
,"Diputación del Distrito Local 4 AGUASCALIENTES",0
,"Diputación del Distrito Local 5 AGUASCALIENTES",0
,"Diputación del Distrito Local 6 AGUASCALIENTES",0
,"Diputación del Distrito Local 7 AGUASCALIENTES",0
,"Diputación del Distrito Local 8 AGUASCALIENTES",0
,"Diputación del Distrito Local 9 AGUASCALIENTES",0
,"Diputación del Distrito Local 10 AGUASCALIENTES",0
,"Diputación del Distrito Local 11 AGUASCALIENTES",0
,"Diputación del Distrito Local 12 AGUASCALIENTES",0
,"Diputación del Distrito Local 13 AGUASCALIENTES",0
,"Diputación del Distrito Local 14 AGUASCALIENTES",0
,"Diputación del Distrito Local 15 AGUASCALIENTES",0
,"Diputación del Distrito Local 16 AGUASCALIENTES",0
,"Diputación del Distrito Local 17 AGUASCALIENTES",0
,"Diputación del Distrito Local 18 AGUASCALIENTES",0
,"Diputación del Distrito Local 1 BAJA CALIFORNIA",0
,"Diputación del Distrito Local 2 BAJA CALIFORNIA",0
,"Diputación del Distrito Local 3 BAJA CALIFORNIA",0
,"Diputación del Distrito Local 4 BAJA CALIFORNIA",0
,"Diputación del Distrito Local 5 BAJA CALIFORNIA",0
,"Diputación del Distrito Local 6 BAJA CALIFORNIA",0
,"Diputación del Distrito Local 7 BAJA CALIFORNIA",0
,"Diputación del Distrito Local 8 BAJA CALIFORNIA",0
,"Diputación del Distrito Local 9 BAJA CALIFORNIA",0
,"Diputación del Distrito Local 10 BAJA CALIFORNIA",0
,"Diputación del Distrito Local 11 BAJA CALIFORNIA",0
,"Diputación del Distrito Local 12 BAJA CALIFORNIA",0
,"Diputación del Distrito Local 13 BAJA CALIFORNIA",0
,"Diputación del Distrito Local 14 BAJA CALIFORNIA",0
,"Diputación del Distrito Local 15 BAJA CALIFORNIA",0
,"Diputación del Distrito Local 16 BAJA CALIFORNIA",0
,"Diputación del Distrito Local 17 BAJA CALIFORNIA",0
,"Diputación del Distrito Local 1 BAJA CALIFORNIA SUR",0
,"Diputación del Distrito Local 2 BAJA CALIFORNIA SUR",0
,"Diputación del Distrito Local 3 BAJA CALIFORNIA SUR",0
,"Diputación del Distrito Local 4 BAJA CALIFORNIA SUR",0
,"Diputación del Distrito Local 5 BAJA CALIFORNIA SUR",0
,"Diputación del Distrito Local 6 BAJA CALIFORNIA SUR",0
,"Diputación del Distrito Local 7 BAJA CALIFORNIA SUR",0
,"Diputación del Distrito Local 8 BAJA CALIFORNIA SUR",0
,"Diputación del Distrito Local 9 BAJA CALIFORNIA SUR",0
,"Diputación del Distrito Local 10 BAJA CALIFORNIA SUR",0
,"Diputación del Distrito Local 11 BAJA CALIFORNIA SUR",0
,"Diputación del Distrito Local 12 BAJA CALIFORNIA SUR",0
,"Diputación del Distrito Local 13 BAJA CALIFORNIA SUR",0
,"Diputación del Distrito Local 14 BAJA CALIFORNIA SUR",0
,"Diputación del Distrito Local 15 BAJA CALIFORNIA SUR",0
,"Diputación del Distrito Local 16 BAJA CALIFORNIA SUR",0
,"Diputación del Distrito Local 1 CAMPECHE",0
,"Diputación del Distrito Local 2 CAMPECHE",0
,"Diputación del Distrito Local 3 CAMPECHE",0
,"Diputación del Distrito Local 4 CAMPECHE",0
,"Diputación del Distrito Local 5 CAMPECHE",0
,"Diputación del Distrito Local 6 CAMPECHE",0
,"Diputación del Distrito Local 7 CAMPECHE",0
,"Diputación del Distrito Local 8 CAMPECHE",0
,"Diputación del Distrito Local 9 CAMPECHE",0
,"Diputación del Distrito Local 10 CAMPECHE",0
,"Diputación del Distrito Local 11 CAMPECHE",0
,"Diputación del Distrito Local 12 CAMPECHE",0
,"Diputación del Distrito Local 13 CAMPECHE",0
,"Diputación del Distrito Local 14 CAMPECHE",0
,"Diputación del Distrito Local 15 CAMPECHE",0
,"Diputación del Distrito Local 16 CAMPECHE",0
,"Diputación del Distrito Local 17 CAMPECHE",0
,"Diputación del Distrito Local 18 CAMPECHE",0
,"Diputación del Distrito Local 19 CAMPECHE",0
,"Diputación del Distrito Local 20 CAMPECHE",0
,"Diputación del Distrito Local 21 CAMPECHE",0
,"Diputación del Distrito Local 1 COAHUILA DE ZARAGOZA",0
,"Diputación del Distrito Local 2 COAHUILA DE ZARAGOZA",0
,"Diputación del Distrito Local 3 COAHUILA DE ZARAGOZA",0
,"Diputación del Distrito Local 4 COAHUILA DE ZARAGOZA",0
,"Diputación del Distrito Local 5 COAHUILA DE ZARAGOZA",0
,"Diputación del Distrito Local 6 COAHUILA DE ZARAGOZA",0
,"Diputación del Distrito Local 7 COAHUILA DE ZARAGOZA",0
,"Diputación del Distrito Local 8 COAHUILA DE ZARAGOZA",0
,"Diputación del Distrito Local 9 COAHUILA DE ZARAGOZA",0
,"Diputación del Distrito Local 10 COAHUILA DE ZARAGOZA",0
,"Diputación del Distrito Local 11 COAHUILA DE ZARAGOZA",0
,"Diputación del Distrito Local 12 COAHUILA DE ZARAGOZA",0
,"Diputación del Distrito Local 13 COAHUILA DE ZARAGOZA",0
,"Diputación del Distrito Local 14 COAHUILA DE ZARAGOZA",0
,"Diputación del Distrito Local 15 COAHUILA DE ZARAGOZA",0
,"Diputación del Distrito Local 16 COAHUILA DE ZARAGOZA",0
,"Diputación del Distrito Local 1 COLIMA",0
,"Diputación del Distrito Local 2 COLIMA",0
,"Diputación del Distrito Local 3 COLIMA",0
,"Diputación del Distrito Local 4 COLIMA",0
,"Diputación del Distrito Local 5 COLIMA",0
,"Diputación del Distrito Local 6 COLIMA",0
,"Diputación del Distrito Local 7 COLIMA",0
,"Diputación del Distrito Local 8 COLIMA",0
,"Diputación del Distrito Local 9 COLIMA",0
,"Diputación del Distrito Local 10 COLIMA",0
,"Diputación del Distrito Local 11 COLIMA",0
,"Diputación del Distrito Local 12 COLIMA",0
,"Diputación del Distrito Local 13 COLIMA",0
,"Diputación del Distrito Local 14 COLIMA",0
,"Diputación del Distrito Local 15 COLIMA",0
,"Diputación del Distrito Local 16 COLIMA",0
,"Diputación del Distrito Local 1 CHIAPAS",0
,"Diputación del Distrito Local 2 CHIAPAS",0
,"Diputación del Distrito Local 3 CHIAPAS",0
,"Diputación del Distrito Local 4 CHIAPAS",0
,"Diputación del Distrito Local 5 CHIAPAS",0
,"Diputación del Distrito Local 6 CHIAPAS",0
,"Diputación del Distrito Local 7 CHIAPAS",0
,"Diputación del Distrito Local 8 CHIAPAS",0
,"Diputación del Distrito Local 9 CHIAPAS",0
,"Diputación del Distrito Local 10 CHIAPAS",0
,"Diputación del Distrito Local 11 CHIAPAS",0
,"Diputación del Distrito Local 12 CHIAPAS",0
,"Diputación del Distrito Local 13 CHIAPAS",0
,"Diputación del Distrito Local 14 CHIAPAS",0
,"Diputación del Distrito Local 15 CHIAPAS",0
,"Diputación del Distrito Local 16 CHIAPAS",0
,"Diputación del Distrito Local 17 CHIAPAS",0
,"Diputación del Distrito Local 18 CHIAPAS",0
,"Diputación del Distrito Local 19 CHIAPAS",0
,"Diputación del Distrito Local 20 CHIAPAS",0
,"Diputación del Distrito Local 21 CHIAPAS",0
,"Diputación del Distrito Local 22 CHIAPAS",0
,"Diputación del Distrito Local 23 CHIAPAS",0
,"Diputación del Distrito Local 24 CHIAPAS",0
,"Diputación del Distrito Local 1 CHIHUAHUA",0
,"Diputación del Distrito Local 2 CHIHUAHUA",0
,"Diputación del Distrito Local 3 CHIHUAHUA",0
,"Diputación del Distrito Local 4 CHIHUAHUA",0
,"Diputación del Distrito Local 5 CHIHUAHUA",0
,"Diputación del Distrito Local 6 CHIHUAHUA",0
,"Diputación del Distrito Local 7 CHIHUAHUA",0
,"Diputación del Distrito Local 8 CHIHUAHUA",0
,"Diputación del Distrito Local 9 CHIHUAHUA",0
,"Diputación del Distrito Local 10 CHIHUAHUA",0
,"Diputación del Distrito Local 11 CHIHUAHUA",0
,"Diputación del Distrito Local 12 CHIHUAHUA",0
,"Diputación del Distrito Local 13 CHIHUAHUA",0
,"Diputación del Distrito Local 14 CHIHUAHUA",0
,"Diputación del Distrito Local 15 CHIHUAHUA",0
,"Diputación del Distrito Local 16 CHIHUAHUA",0
,"Diputación del Distrito Local 17 CHIHUAHUA",0
,"Diputación del Distrito Local 18 CHIHUAHUA",0
,"Diputación del Distrito Local 19 CHIHUAHUA",0
,"Diputación del Distrito Local 20 CHIHUAHUA",0
,"Diputación del Distrito Local 21 CHIHUAHUA",0
,"Diputación del Distrito Local 22 CHIHUAHUA",0
,"Diputación del Distrito Local 1 CIUDAD DE MÉXICO",0
,"Diputación del Distrito Local 2 CIUDAD DE MÉXICO",0
,"Diputación del Distrito Local 3 CIUDAD DE MÉXICO",0
,"Diputación del Distrito Local 4 CIUDAD DE MÉXICO",0
,"Diputación del Distrito Local 5 CIUDAD DE MÉXICO",0
,"Diputación del Distrito Local 6 CIUDAD DE MÉXICO",0
,"Diputación del Distrito Local 7 CIUDAD DE MÉXICO",0
,"Diputación del Distrito Local 8 CIUDAD DE MÉXICO",0
,"Diputación del Distrito Local 9 CIUDAD DE MÉXICO",0
,"Diputación del Distrito Local 10 CIUDAD DE MÉXICO",0
,"Diputación del Distrito Local 11 CIUDAD DE MÉXICO",0
,"Diputación del Distrito Local 12 CIUDAD DE MÉXICO",0
,"Diputación del Distrito Local 13 CIUDAD DE MÉXICO",0
,"Diputación del Distrito Local 14 CIUDAD DE MÉXICO",0
,"Diputación del Distrito Local 15 CIUDAD DE MÉXICO",0
,"Diputación del Distrito Local 16 CIUDAD DE MÉXICO",0
,"Diputación del Distrito Local 17 CIUDAD DE MÉXICO",0
,"Diputación del Distrito Local 18 CIUDAD DE MÉXICO",0
,"Diputación del Distrito Local 19 CIUDAD DE MÉXICO",0
,"Diputación del Distrito Local 20 CIUDAD DE MÉXICO",0
,"Diputación del Distrito Local 21 CIUDAD DE MÉXICO",0
,"Diputación del Distrito Local 22 CIUDAD DE MÉXICO",0
,"Diputación del Distrito Local 23 CIUDAD DE MÉXICO",0
,"Diputación del Distrito Local 24 CIUDAD DE MÉXICO",0
,"Diputación del Distrito Local 25 CIUDAD DE MÉXICO",0
,"Diputación del Distrito Local 26 CIUDAD DE MÉXICO",0
,"Diputación del Distrito Local 27 CIUDAD DE MÉXICO",0
,"Diputación del Distrito Local 28 CIUDAD DE MÉXICO",0
,"Diputación del Distrito Local 29 CIUDAD DE MÉXICO",0
,"Diputación del Distrito Local 30 CIUDAD DE MÉXICO",0
,"Diputación del Distrito Local 31 CIUDAD DE MÉXICO",0
,"Diputación del Distrito Local 32 CIUDAD DE MÉXICO",0
,"Diputación del Distrito Local 33 CIUDAD DE MÉXICO",0
,"Diputación del Distrito Local 1 DURANGO",0
,"Diputación del Distrito Local 2 DURANGO",0
,"Diputación del Distrito Local 3 DURANGO",0
,"Diputación del Distrito Local 4 DURANGO",0
,"Diputación del Distrito Local 5 DURANGO",0
,"Diputación del Distrito Local 6 DURANGO",0
,"Diputación del Distrito Local 7 DURANGO",0
,"Diputación del Distrito Local 8 DURANGO",0
,"Diputación del Distrito Local 9 DURANGO",0
,"Diputación del Distrito Local 10 DURANGO",0
,"Diputación del Distrito Local 11 DURANGO",0
,"Diputación del Distrito Local 12 DURANGO",0
,"Diputación del Distrito Local 13 DURANGO",0
,"Diputación del Distrito Local 14 DURANGO",0
,"Diputación del Distrito Local 15 DURANGO",0
,"Diputación del Distrito Local 1 GUANAJUATO",0
,"Diputación del Distrito Local 2 GUANAJUATO",0
,"Diputación del Distrito Local 3 GUANAJUATO",0
,"Diputación del Distrito Local 4 GUANAJUATO",0
,"Diputación del Distrito Local 5 GUANAJUATO",0
,"Diputación del Distrito Local 6 GUANAJUATO",0
,"Diputación del Distrito Local 7 GUANAJUATO",0
,"Diputación del Distrito Local 8 GUANAJUATO",0
,"Diputación del Distrito Local 9 GUANAJUATO",0
,"Diputación del Distrito Local 10 GUANAJUATO",0
,"Diputación del Distrito Local 11 GUANAJUATO",0
,"Diputación del Distrito Local 12 GUANAJUATO",0
,"Diputación del Distrito Local 13 GUANAJUATO",0
,"Diputación del Distrito Local 14 GUANAJUATO",0
,"Diputación del Distrito Local 15 GUANAJUATO",0
,"Diputación del Distrito Local 16 GUANAJUATO",0
,"Diputación del Distrito Local 17 GUANAJUATO",0
,"Diputación del Distrito Local 18 GUANAJUATO",0
,"Diputación del Distrito Local 19 GUANAJUATO",0
,"Diputación del Distrito Local 20 GUANAJUATO",0
,"Diputación del Distrito Local 21 GUANAJUATO",0
,"Diputación del Distrito Local 22 GUANAJUATO",0
,"Diputación del Distrito Local 1 GUERRERO",0
,"Diputación del Distrito Local 2 GUERRERO",0
,"Diputación del Distrito Local 3 GUERRERO",0
,"Diputación del Distrito Local 4 GUERRERO",0
,"Diputación del Distrito Local 5 GUERRERO",0
,"Diputación del Distrito Local 6 GUERRERO",0
,"Diputación del Distrito Local 7 GUERRERO",0
,"Diputación del Distrito Local 8 GUERRERO",0
,"Diputación del Distrito Local 9 GUERRERO",0
,"Diputación del Distrito Local 10 GUERRERO",0
,"Diputación del Distrito Local 11 GUERRERO",0
,"Diputación del Distrito Local 12 GUERRERO",0
,"Diputación del Distrito Local 13 GUERRERO",0
,"Diputación del Distrito Local 14 GUERRERO",0
,"Diputación del Distrito Local 15 GUERRERO",0
,"Diputación del Distrito Local 16 GUERRERO",0
,"Diputación del Distrito Local 17 GUERRERO",0
,"Diputación del Distrito Local 18 GUERRERO",0
,"Diputación del Distrito Local 19 GUERRERO",0
,"Diputación del Distrito Local 20 GUERRERO",0
,"Diputación del Distrito Local 21 GUERRERO",0
,"Diputación del Distrito Local 22 GUERRERO",0
,"Diputación del Distrito Local 23 GUERRERO",0
,"Diputación del Distrito Local 24 GUERRERO",0
,"Diputación del Distrito Local 25 GUERRERO",0
,"Diputación del Distrito Local 26 GUERRERO",0
,"Diputación del Distrito Local 27 GUERRERO",0
,"Diputación del Distrito Local 28 GUERRERO",0
,"Diputación del Distrito Local 1 HIDALGO",0
,"Diputación del Distrito Local 2 HIDALGO",0
,"Diputación del Distrito Local 3 HIDALGO",0
,"Diputación del Distrito Local 4 HIDALGO",0
,"Diputación del Distrito Local 5 HIDALGO",0
,"Diputación del Distrito Local 6 HIDALGO",0
,"Diputación del Distrito Local 7 HIDALGO",0
,"Diputación del Distrito Local 8 HIDALGO",0
,"Diputación del Distrito Local 9 HIDALGO",0
,"Diputación del Distrito Local 10 HIDALGO",0
,"Diputación del Distrito Local 11 HIDALGO",0
,"Diputación del Distrito Local 12 HIDALGO",0
,"Diputación del Distrito Local 13 HIDALGO",0
,"Diputación del Distrito Local 14 HIDALGO",0
,"Diputación del Distrito Local 15 HIDALGO",0
,"Diputación del Distrito Local 16 HIDALGO",0
,"Diputación del Distrito Local 17 HIDALGO",0
,"Diputación del Distrito Local 18 HIDALGO",0
,"Diputación del Distrito Local 1 JALISCO",0
,"Diputación del Distrito Local 2 JALISCO",0
,"Diputación del Distrito Local 3 JALISCO",0
,"Diputación del Distrito Local 4 JALISCO",0
,"Diputación del Distrito Local 5 JALISCO",0
,"Diputación del Distrito Local 6 JALISCO",0
,"Diputación del Distrito Local 7 JALISCO",0
,"Diputación del Distrito Local 8 JALISCO",0
,"Diputación del Distrito Local 9 JALISCO",0
,"Diputación del Distrito Local 10 JALISCO",0
,"Diputación del Distrito Local 11 JALISCO",0
,"Diputación del Distrito Local 12 JALISCO",0
,"Diputación del Distrito Local 13 JALISCO",0
,"Diputación del Distrito Local 14 JALISCO",0
,"Diputación del Distrito Local 15 JALISCO",0
,"Diputación del Distrito Local 16 JALISCO",0
,"Diputación del Distrito Local 17 JALISCO",0
,"Diputación del Distrito Local 18 JALISCO",0
,"Diputación del Distrito Local 19 JALISCO",0
,"Diputación del Distrito Local 20 JALISCO",0
,"Diputación del Distrito Local 1 ESTADO DE MÉXICO",0
,"Diputación del Distrito Local 2 ESTADO DE MÉXICO",0
,"Diputación del Distrito Local 3 ESTADO DE MÉXICO",0
,"Diputación del Distrito Local 4 ESTADO DE MÉXICO",0
,"Diputación del Distrito Local 5 ESTADO DE MÉXICO",0
,"Diputación del Distrito Local 6 ESTADO DE MÉXICO",0
,"Diputación del Distrito Local 7 ESTADO DE MÉXICO",0
,"Diputación del Distrito Local 8 ESTADO DE MÉXICO",0
,"Diputación del Distrito Local 9 ESTADO DE MÉXICO",0
,"Diputación del Distrito Local 10 ESTADO DE MÉXICO",0
,"Diputación del Distrito Local 11 ESTADO DE MÉXICO",0
,"Diputación del Distrito Local 12 ESTADO DE MÉXICO",0
,"Diputación del Distrito Local 13 ESTADO DE MÉXICO",0
,"Diputación del Distrito Local 14 ESTADO DE MÉXICO",0
,"Diputación del Distrito Local 15 ESTADO DE MÉXICO",0
,"Diputación del Distrito Local 16 ESTADO DE MÉXICO",0
,"Diputación del Distrito Local 17 ESTADO DE MÉXICO",0
,"Diputación del Distrito Local 18 ESTADO DE MÉXICO",0
,"Diputación del Distrito Local 19 ESTADO DE MÉXICO",0
,"Diputación del Distrito Local 20 ESTADO DE MÉXICO",0
,"Diputación del Distrito Local 21 ESTADO DE MÉXICO",0
,"Diputación del Distrito Local 22 ESTADO DE MÉXICO",0
,"Diputación del Distrito Local 23 ESTADO DE MÉXICO",0
,"Diputación del Distrito Local 24 ESTADO DE MÉXICO",0
,"Diputación del Distrito Local 25 ESTADO DE MÉXICO",0
,"Diputación del Distrito Local 26 ESTADO DE MÉXICO",0
,"Diputación del Distrito Local 27 ESTADO DE MÉXICO",0
,"Diputación del Distrito Local 28 ESTADO DE MÉXICO",0
,"Diputación del Distrito Local 29 ESTADO DE MÉXICO",0
,"Diputación del Distrito Local 30 ESTADO DE MÉXICO",0
,"Diputación del Distrito Local 31 ESTADO DE MÉXICO",0
,"Diputación del Distrito Local 32 ESTADO DE MÉXICO",0
,"Diputación del Distrito Local 33 ESTADO DE MÉXICO",0
,"Diputación del Distrito Local 34 ESTADO DE MÉXICO",0
,"Diputación del Distrito Local 35 ESTADO DE MÉXICO",0
,"Diputación del Distrito Local 36 ESTADO DE MÉXICO",0
,"Diputación del Distrito Local 37 ESTADO DE MÉXICO",0
,"Diputación del Distrito Local 38 ESTADO DE MÉXICO",0
,"Diputación del Distrito Local 39 ESTADO DE MÉXICO",0
,"Diputación del Distrito Local 40 ESTADO DE MÉXICO",0
,"Diputación del Distrito Local 41 ESTADO DE MÉXICO",0
,"Diputación del Distrito Local 42 ESTADO DE MÉXICO",0
,"Diputación del Distrito Local 43 ESTADO DE MÉXICO",0
,"Diputación del Distrito Local 44 ESTADO DE MÉXICO",0
,"Diputación del Distrito Local 45 ESTADO DE MÉXICO",0
,"Diputación del Distrito Local 1 MICHOACÁN DE OCAMPO",0
,"Diputación del Distrito Local 2 MICHOACÁN DE OCAMPO",0
,"Diputación del Distrito Local 3 MICHOACÁN DE OCAMPO",0
,"Diputación del Distrito Local 4 MICHOACÁN DE OCAMPO",0
,"Diputación del Distrito Local 5 MICHOACÁN DE OCAMPO",0
,"Diputación del Distrito Local 6 MICHOACÁN DE OCAMPO",0
,"Diputación del Distrito Local 7 MICHOACÁN DE OCAMPO",0
,"Diputación del Distrito Local 8 MICHOACÁN DE OCAMPO",0
,"Diputación del Distrito Local 9 MICHOACÁN DE OCAMPO",0
,"Diputación del Distrito Local 10 MICHOACÁN DE OCAMPO",0
,"Diputación del Distrito Local 11 MICHOACÁN DE OCAMPO",0
,"Diputación del Distrito Local 12 MICHOACÁN DE OCAMPO",0
,"Diputación del Distrito Local 13 MICHOACÁN DE OCAMPO",0
,"Diputación del Distrito Local 14 MICHOACÁN DE OCAMPO",0
,"Diputación del Distrito Local 15 MICHOACÁN DE OCAMPO",0
,"Diputación del Distrito Local 16 MICHOACÁN DE OCAMPO",0
,"Diputación del Distrito Local 17 MICHOACÁN DE OCAMPO",0
,"Diputación del Distrito Local 18 MICHOACÁN DE OCAMPO",0
,"Diputación del Distrito Local 19 MICHOACÁN DE OCAMPO",0
,"Diputación del Distrito Local 20 MICHOACÁN DE OCAMPO",0
,"Diputación del Distrito Local 21 MICHOACÁN DE OCAMPO",0
,"Diputación del Distrito Local 22 MICHOACÁN DE OCAMPO",0
,"Diputación del Distrito Local 23 MICHOACÁN DE OCAMPO",0
,"Diputación del Distrito Local 24 MICHOACÁN DE OCAMPO",0
,"Diputación del Distrito Local 1 MORELOS",0
,"Diputación del Distrito Local 2 MORELOS",0
,"Diputación del Distrito Local 3 MORELOS",0
,"Diputación del Distrito Local 4 MORELOS",0
,"Diputación del Distrito Local 5 MORELOS",0
,"Diputación del Distrito Local 6 MORELOS",0
,"Diputación del Distrito Local 7 MORELOS",0
,"Diputación del Distrito Local 8 MORELOS",0
,"Diputación del Distrito Local 9 MORELOS",0
,"Diputación del Distrito Local 10 MORELOS",0
,"Diputación del Distrito Local 11 MORELOS",0
,"Diputación del Distrito Local 12 MORELOS",0
,"Diputación del Distrito Local 1 NAYARIT",0
,"Diputación del Distrito Local 2 NAYARIT",0
,"Diputación del Distrito Local 3 NAYARIT",0
,"Diputación del Distrito Local 4 NAYARIT",0
,"Diputación del Distrito Local 5 NAYARIT",0
,"Diputación del Distrito Local 6 NAYARIT",0
,"Diputación del Distrito Local 7 NAYARIT",0
,"Diputación del Distrito Local 8 NAYARIT",0
,"Diputación del Distrito Local 9 NAYARIT",0
,"Diputación del Distrito Local 10 NAYARIT",0
,"Diputación del Distrito Local 11 NAYARIT",0
,"Diputación del Distrito Local 12 NAYARIT",0
,"Diputación del Distrito Local 13 NAYARIT",0
,"Diputación del Distrito Local 14 NAYARIT",0
,"Diputación del Distrito Local 15 NAYARIT",0
,"Diputación del Distrito Local 16 NAYARIT",0
,"Diputación del Distrito Local 17 NAYARIT",0
,"Diputación del Distrito Local 18 NAYARIT",0
,"Diputación del Distrito Local 1 NUEVO LEÓN",0
,"Diputación del Distrito Local 2 NUEVO LEÓN",0
,"Diputación del Distrito Local 3 NUEVO LEÓN",0
,"Diputación del Distrito Local 4 NUEVO LEÓN",0
,"Diputación del Distrito Local 5 NUEVO LEÓN",0
,"Diputación del Distrito Local 6 NUEVO LEÓN",0
,"Diputación del Distrito Local 7 NUEVO LEÓN",0
,"Diputación del Distrito Local 8 NUEVO LEÓN",0
,"Diputación del Distrito Local 9 NUEVO LEÓN",0
,"Diputación del Distrito Local 10 NUEVO LEÓN",0
,"Diputación del Distrito Local 11 NUEVO LEÓN",0
,"Diputación del Distrito Local 12 NUEVO LEÓN",0
,"Diputación del Distrito Local 13 NUEVO LEÓN",0
,"Diputación del Distrito Local 14 NUEVO LEÓN",0
,"Diputación del Distrito Local 15 NUEVO LEÓN",0
,"Diputación del Distrito Local 16 NUEVO LEÓN",0
,"Diputación del Distrito Local 17 NUEVO LEÓN",0
,"Diputación del Distrito Local 18 NUEVO LEÓN",0
,"Diputación del Distrito Local 19 NUEVO LEÓN",0
,"Diputación del Distrito Local 20 NUEVO LEÓN",0
,"Diputación del Distrito Local 21 NUEVO LEÓN",0
,"Diputación del Distrito Local 22 NUEVO LEÓN",0
,"Diputación del Distrito Local 23 NUEVO LEÓN",0
,"Diputación del Distrito Local 24 NUEVO LEÓN",0
,"Diputación del Distrito Local 25 NUEVO LEÓN",0
,"Diputación del Distrito Local 26 NUEVO LEÓN",0
,"Diputación del Distrito Local 1 OAXACA",0
,"Diputación del Distrito Local 2 OAXACA",0
,"Diputación del Distrito Local 3 OAXACA",0
,"Diputación del Distrito Local 4 OAXACA",0
,"Diputación del Distrito Local 5 OAXACA",0
,"Diputación del Distrito Local 6 OAXACA",0
,"Diputación del Distrito Local 7 OAXACA",0
,"Diputación del Distrito Local 8 OAXACA",0
,"Diputación del Distrito Local 9 OAXACA",0
,"Diputación del Distrito Local 10 OAXACA",0
,"Diputación del Distrito Local 11 OAXACA",0
,"Diputación del Distrito Local 12 OAXACA",0
,"Diputación del Distrito Local 13 OAXACA",0
,"Diputación del Distrito Local 14 OAXACA",0
,"Diputación del Distrito Local 15 OAXACA",0
,"Diputación del Distrito Local 16 OAXACA",0
,"Diputación del Distrito Local 17 OAXACA",0
,"Diputación del Distrito Local 18 OAXACA",0
,"Diputación del Distrito Local 19 OAXACA",0
,"Diputación del Distrito Local 20 OAXACA",0
,"Diputación del Distrito Local 21 OAXACA",0
,"Diputación del Distrito Local 22 OAXACA",0
,"Diputación del Distrito Local 23 OAXACA",0
,"Diputación del Distrito Local 24 OAXACA",0
,"Diputación del Distrito Local 25 OAXACA",0
,"Diputación del Distrito Local 1 PUEBLA",0
,"Diputación del Distrito Local 2 PUEBLA",0
,"Diputación del Distrito Local 3 PUEBLA",0
,"Diputación del Distrito Local 4 PUEBLA",0
,"Diputación del Distrito Local 5 PUEBLA",0
,"Diputación del Distrito Local 6 PUEBLA",0
,"Diputación del Distrito Local 7 PUEBLA",0
,"Diputación del Distrito Local 8 PUEBLA",0
,"Diputación del Distrito Local 9 PUEBLA",0
,"Diputación del Distrito Local 10 PUEBLA",0
,"Diputación del Distrito Local 11 PUEBLA",0
,"Diputación del Distrito Local 12 PUEBLA",0
,"Diputación del Distrito Local 13 PUEBLA",0
,"Diputación del Distrito Local 14 PUEBLA",0
,"Diputación del Distrito Local 15 PUEBLA",0
,"Diputación del Distrito Local 16 PUEBLA",0
,"Diputación del Distrito Local 17 PUEBLA",0
,"Diputación del Distrito Local 18 PUEBLA",0
,"Diputación del Distrito Local 19 PUEBLA",0
,"Diputación del Distrito Local 20 PUEBLA",0
,"Diputación del Distrito Local 21 PUEBLA",0
,"Diputación del Distrito Local 22 PUEBLA",0
,"Diputación del Distrito Local 23 PUEBLA",0
,"Diputación del Distrito Local 24 PUEBLA",0
,"Diputación del Distrito Local 25 PUEBLA",0
,"Diputación del Distrito Local 26 PUEBLA",0
,"Diputación del Distrito Local 1 QUERÉTARO",0
,"Diputación del Distrito Local 2 QUERÉTARO",0
,"Diputación del Distrito Local 3 QUERÉTARO",0
,"Diputación del Distrito Local 4 QUERÉTARO",0
,"Diputación del Distrito Local 5 QUERÉTARO",0
,"Diputación del Distrito Local 6 QUERÉTARO",0
,"Diputación del Distrito Local 7 QUERÉTARO",0
,"Diputación del Distrito Local 8 QUERÉTARO",0
,"Diputación del Distrito Local 9 QUERÉTARO",0
,"Diputación del Distrito Local 10 QUERÉTARO",0
,"Diputación del Distrito Local 11 QUERÉTARO",0
,"Diputación del Distrito Local 12 QUERÉTARO",0
,"Diputación del Distrito Local 13 QUERÉTARO",0
,"Diputación del Distrito Local 14 QUERÉTARO",0
,"Diputación del Distrito Local 15 QUERÉTARO",0
,"Diputación del Distrito Local 1 QUINTANA ROO",0
,"Diputación del Distrito Local 2 QUINTANA ROO",0
,"Diputación del Distrito Local 3 QUINTANA ROO",0
,"Diputación del Distrito Local 4 QUINTANA ROO",0
,"Diputación del Distrito Local 5 QUINTANA ROO",0
,"Diputación del Distrito Local 6 QUINTANA ROO",0
,"Diputación del Distrito Local 7 QUINTANA ROO",0
,"Diputación del Distrito Local 8 QUINTANA ROO",0
,"Diputación del Distrito Local 9 QUINTANA ROO",0
,"Diputación del Distrito Local 10 QUINTANA ROO",0
,"Diputación del Distrito Local 11 QUINTANA ROO",0
,"Diputación del Distrito Local 12 QUINTANA ROO",0
,"Diputación del Distrito Local 13 QUINTANA ROO",0
,"Diputación del Distrito Local 14 QUINTANA ROO",0
,"Diputación del Distrito Local 15 QUINTANA ROO",0
,"Diputación del Distrito Local 1 SAN LUIS POTOSÍ",0
,"Diputación del Distrito Local 2 SAN LUIS POTOSÍ",0
,"Diputación del Distrito Local 3 SAN LUIS POTOSÍ",0
,"Diputación del Distrito Local 4 SAN LUIS POTOSÍ",0
,"Diputación del Distrito Local 5 SAN LUIS POTOSÍ",0
,"Diputación del Distrito Local 6 SAN LUIS POTOSÍ",0
,"Diputación del Distrito Local 7 SAN LUIS POTOSÍ",0
,"Diputación del Distrito Local 8 SAN LUIS POTOSÍ",0
,"Diputación del Distrito Local 9 SAN LUIS POTOSÍ",0
,"Diputación del Distrito Local 10 SAN LUIS POTOSÍ",0
,"Diputación del Distrito Local 11 SAN LUIS POTOSÍ",0
,"Diputación del Distrito Local 12 SAN LUIS POTOSÍ",0
,"Diputación del Distrito Local 13 SAN LUIS POTOSÍ",0
,"Diputación del Distrito Local 14 SAN LUIS POTOSÍ",0
,"Diputación del Distrito Local 15 SAN LUIS POTOSÍ",0
,"Diputación del Distrito Local 1 SINALOA",0
,"Diputación del Distrito Local 2 SINALOA",0
,"Diputación del Distrito Local 3 SINALOA",0
,"Diputación del Distrito Local 4 SINALOA",0
,"Diputación del Distrito Local 5 SINALOA",0
,"Diputación del Distrito Local 6 SINALOA",0
,"Diputación del Distrito Local 7 SINALOA",0
,"Diputación del Distrito Local 8 SINALOA",0
,"Diputación del Distrito Local 9 SINALOA",0
,"Diputación del Distrito Local 10 SINALOA",0
,"Diputación del Distrito Local 11 SINALOA",0
,"Diputación del Distrito Local 12 SINALOA",0
,"Diputación del Distrito Local 13 SINALOA",0
,"Diputación del Distrito Local 14 SINALOA",0
,"Diputación del Distrito Local 15 SINALOA",0
,"Diputación del Distrito Local 16 SINALOA",0
,"Diputación del Distrito Local 17 SINALOA",0
,"Diputación del Distrito Local 18 SINALOA",0
,"Diputación del Distrito Local 19 SINALOA",0
,"Diputación del Distrito Local 20 SINALOA",0
,"Diputación del Distrito Local 21 SINALOA",0
,"Diputación del Distrito Local 22 SINALOA",0
,"Diputación del Distrito Local 23 SINALOA",0
,"Diputación del Distrito Local 24 SINALOA",0
,"Diputación del Distrito Local 1 SONORA",0
,"Diputación del Distrito Local 2 SONORA",0
,"Diputación del Distrito Local 3 SONORA",0
,"Diputación del Distrito Local 4 SONORA",0
,"Diputación del Distrito Local 5 SONORA",0
,"Diputación del Distrito Local 6 SONORA",0
,"Diputación del Distrito Local 7 SONORA",0
,"Diputación del Distrito Local 8 SONORA",0
,"Diputación del Distrito Local 9 SONORA",0
,"Diputación del Distrito Local 10 SONORA",0
,"Diputación del Distrito Local 11 SONORA",0
,"Diputación del Distrito Local 12 SONORA",0
,"Diputación del Distrito Local 13 SONORA",0
,"Diputación del Distrito Local 14 SONORA",0
,"Diputación del Distrito Local 15 SONORA",0
,"Diputación del Distrito Local 16 SONORA",0
,"Diputación del Distrito Local 17 SONORA",0
,"Diputación del Distrito Local 18 SONORA",0
,"Diputación del Distrito Local 19 SONORA",0
,"Diputación del Distrito Local 20 SONORA",0
,"Diputación del Distrito Local 21 SONORA",0
,"Diputación del Distrito Local 1 TABASCO",0
,"Diputación del Distrito Local 2 TABASCO",0
,"Diputación del Distrito Local 3 TABASCO",0
,"Diputación del Distrito Local 4 TABASCO",0
,"Diputación del Distrito Local 5 TABASCO",0
,"Diputación del Distrito Local 6 TABASCO",0
,"Diputación del Distrito Local 7 TABASCO",0
,"Diputación del Distrito Local 8 TABASCO",0
,"Diputación del Distrito Local 9 TABASCO",0
,"Diputación del Distrito Local 10 TABASCO",0
,"Diputación del Distrito Local 11 TABASCO",0
,"Diputación del Distrito Local 12 TABASCO",0
,"Diputación del Distrito Local 13 TABASCO",0
,"Diputación del Distrito Local 14 TABASCO",0
,"Diputación del Distrito Local 15 TABASCO",0
,"Diputación del Distrito Local 16 TABASCO",0
,"Diputación del Distrito Local 17 TABASCO",0
,"Diputación del Distrito Local 18 TABASCO",0
,"Diputación del Distrito Local 19 TABASCO",0
,"Diputación del Distrito Local 20 TABASCO",0
,"Diputación del Distrito Local 21 TABASCO",0
,"Diputación del Distrito Local 1 TAMAULIPAS",0
,"Diputación del Distrito Local 2 TAMAULIPAS",0
,"Diputación del Distrito Local 3 TAMAULIPAS",0
,"Diputación del Distrito Local 4 TAMAULIPAS",0
,"Diputación del Distrito Local 5 TAMAULIPAS",0
,"Diputación del Distrito Local 6 TAMAULIPAS",0
,"Diputación del Distrito Local 7 TAMAULIPAS",0
,"Diputación del Distrito Local 8 TAMAULIPAS",0
,"Diputación del Distrito Local 9 TAMAULIPAS",0
,"Diputación del Distrito Local 10 TAMAULIPAS",0
,"Diputación del Distrito Local 11 TAMAULIPAS",0
,"Diputación del Distrito Local 12 TAMAULIPAS",0
,"Diputación del Distrito Local 13 TAMAULIPAS",0
,"Diputación del Distrito Local 14 TAMAULIPAS",0
,"Diputación del Distrito Local 15 TAMAULIPAS",0
,"Diputación del Distrito Local 16 TAMAULIPAS",0
,"Diputación del Distrito Local 17 TAMAULIPAS",0
,"Diputación del Distrito Local 18 TAMAULIPAS",0
,"Diputación del Distrito Local 19 TAMAULIPAS",0
,"Diputación del Distrito Local 20 TAMAULIPAS",0
,"Diputación del Distrito Local 21 TAMAULIPAS",0
,"Diputación del Distrito Local 22 TAMAULIPAS",0
,"Diputación del Distrito Local 1 TLAXCALA",0
,"Diputación del Distrito Local 2 TLAXCALA",0
,"Diputación del Distrito Local 3 TLAXCALA",0
,"Diputación del Distrito Local 4 TLAXCALA",0
,"Diputación del Distrito Local 5 TLAXCALA",0
,"Diputación del Distrito Local 6 TLAXCALA",0
,"Diputación del Distrito Local 7 TLAXCALA",0
,"Diputación del Distrito Local 8 TLAXCALA",0
,"Diputación del Distrito Local 9 TLAXCALA",0
,"Diputación del Distrito Local 10 TLAXCALA",0
,"Diputación del Distrito Local 11 TLAXCALA",0
,"Diputación del Distrito Local 12 TLAXCALA",0
,"Diputación del Distrito Local 13 TLAXCALA",0
,"Diputación del Distrito Local 14 TLAXCALA",0
,"Diputación del Distrito Local 15 TLAXCALA",0
,"Diputación del Distrito Local 1 VERACRUZ DE IGNACIO DE LA LLAVE",0
,"Diputación del Distrito Local 2 VERACRUZ DE IGNACIO DE LA LLAVE",0
,"Diputación del Distrito Local 3 VERACRUZ DE IGNACIO DE LA LLAVE",0
,"Diputación del Distrito Local 4 VERACRUZ DE IGNACIO DE LA LLAVE",0
,"Diputación del Distrito Local 5 VERACRUZ DE IGNACIO DE LA LLAVE",0
,"Diputación del Distrito Local 6 VERACRUZ DE IGNACIO DE LA LLAVE",0
,"Diputación del Distrito Local 7 VERACRUZ DE IGNACIO DE LA LLAVE",0
,"Diputación del Distrito Local 8 VERACRUZ DE IGNACIO DE LA LLAVE",0
,"Diputación del Distrito Local 9 VERACRUZ DE IGNACIO DE LA LLAVE",0
,"Diputación del Distrito Local 10 VERACRUZ DE IGNACIO DE LA LLAVE",0
,"Diputación del Distrito Local 11 VERACRUZ DE IGNACIO DE LA LLAVE",0
,"Diputación del Distrito Local 12 VERACRUZ DE IGNACIO DE LA LLAVE",0
,"Diputación del Distrito Local 13 VERACRUZ DE IGNACIO DE LA LLAVE",0
,"Diputación del Distrito Local 14 VERACRUZ DE IGNACIO DE LA LLAVE",0
,"Diputación del Distrito Local 15 VERACRUZ DE IGNACIO DE LA LLAVE",0
,"Diputación del Distrito Local 16 VERACRUZ DE IGNACIO DE LA LLAVE",0
,"Diputación del Distrito Local 17 VERACRUZ DE IGNACIO DE LA LLAVE",0
,"Diputación del Distrito Local 18 VERACRUZ DE IGNACIO DE LA LLAVE",0
,"Diputación del Distrito Local 19 VERACRUZ DE IGNACIO DE LA LLAVE",0
,"Diputación del Distrito Local 20 VERACRUZ DE IGNACIO DE LA LLAVE",0
,"Diputación del Distrito Local 21 VERACRUZ DE IGNACIO DE LA LLAVE",0
,"Diputación del Distrito Local 22 VERACRUZ DE IGNACIO DE LA LLAVE",0
,"Diputación del Distrito Local 23 VERACRUZ DE IGNACIO DE LA LLAVE",0
,"Diputación del Distrito Local 24 VERACRUZ DE IGNACIO DE LA LLAVE",0
,"Diputación del Distrito Local 25 VERACRUZ DE IGNACIO DE LA LLAVE",0
,"Diputación del Distrito Local 26 VERACRUZ DE IGNACIO DE LA LLAVE",0
,"Diputación del Distrito Local 27 VERACRUZ DE IGNACIO DE LA LLAVE",0
,"Diputación del Distrito Local 28 VERACRUZ DE IGNACIO DE LA LLAVE",0
,"Diputación del Distrito Local 29 VERACRUZ DE IGNACIO DE LA LLAVE",0
,"Diputación del Distrito Local 30 VERACRUZ DE IGNACIO DE LA LLAVE",0
,"Diputación del Distrito Local 1 YUCATÁN",0
,"Diputación del Distrito Local 2 YUCATÁN",0
,"Diputación del Distrito Local 3 YUCATÁN",0
,"Diputación del Distrito Local 4 YUCATÁN",0
,"Diputación del Distrito Local 5 YUCATÁN",0
,"Diputación del Distrito Local 6 YUCATÁN",0
,"Diputación del Distrito Local 7 YUCATÁN",0
,"Diputación del Distrito Local 8 YUCATÁN",0
,"Diputación del Distrito Local 9 YUCATÁN",0
,"Diputación del Distrito Local 10 YUCATÁN",0
,"Diputación del Distrito Local 11 YUCATÁN",0
,"Diputación del Distrito Local 12 YUCATÁN",0
,"Diputación del Distrito Local 13 YUCATÁN",0
,"Diputación del Distrito Local 14 YUCATÁN",0
,"Diputación del Distrito Local 15 YUCATÁN",0
,"Diputación del Distrito Local 1 ZACATECAS",0
,"Diputación del Distrito Local 2 ZACATECAS",0
,"Diputación del Distrito Local 3 ZACATECAS",0
,"Diputación del Distrito Local 4 ZACATECAS",0
,"Diputación del Distrito Local 5 ZACATECAS",0
,"Diputación del Distrito Local 6 ZACATECAS",0
,"Diputación del Distrito Local 7 ZACATECAS",0
,"Diputación del Distrito Local 8 ZACATECAS",0
,"Diputación del Distrito Local 9 ZACATECAS",0
,"Diputación del Distrito Local 10 ZACATECAS",0
,"Diputación del Distrito Local 11 ZACATECAS",0
,"Diputación del Distrito Local 12 ZACATECAS",0
,"Diputación del Distrito Local 13 ZACATECAS",0
,"Diputación del Distrito Local 14 ZACATECAS",0
,"Diputación del Distrito Local 15 ZACATECAS",0
,"Diputación del Distrito Local 16 ZACATECAS",0
,"Diputación del Distrito Local 17 ZACATECAS",0
,"Diputación del Distrito Local 18 ZACATECAS",0
,"Presidencia del municipio de DURANGO",0
,"Presidencia del municipio de GÓMEZ PALACIO",0
,"Presidencia del municipio de LERDO",0
,"Presidencia del municipio de PUEBLO NUEVO",0
,"Presidencia del municipio de GUADALUPE VICTORIA",0
1136,"Presidencia de MÉXICO",
1137,"Diputación del Distrito Federal 6 de YUCATÁN",1137
1138,"Diputación del Distrito Federal 13 de NUEVO LEÓN",1138
1139,"Diputación del Distrito Federal 14 de NUEVO LEÓN",1139
1140,"Diputación del Distrito Federal 6 de QUERÉTARO",1140
1141,"Diputación del Distrito Federal 9 de BAJA CALIFORNIA",1141
1142,"Diputación del Distrito Federal 8 de COAHUILA DE ZARAGOZA",1142
1143,"Diputación del Distrito Federal 16 de PUEBLA",1143
1144,"Presidencia del municipio de GENERAL ESCOBEDO",1144
1145,"Presidencia del municipio de GARCÍA",1145
1146,"Presidencia del municipio de APODACA",1146
1147,"Presidencia del municipio de TEHUACÁN",1147
1148,"Presidencia del municipio de VILLAHERMOSA",1148
1149,"Presidencia del municipio de SANTA CATARINA",1149
1150,"Presidencia del municipio de SAN NICOLÁS DE LOS GARZA",1150
1151,"Presidencia del municipio de JUÁREZ",1151
1152,"Presidencia del municipio de GUADALUPE",1152
1153,"Presidencia del municipio de TAPACHULA",1153
1154,"Presidencia del municipio de CHILPANCINGO DE LOS BRAVO",1154
1155,"Presidencia del municipio de CABO SAN LUCAS",1155
1156,"Presidencia del municipio de PACHUCA DE SOTO",1156
1157,"Presidencia del municipio de AHOME",1157
1158,"Presidencia del municipio de MAZATLÁN",1158
1159,"Presidencia del municipio de REYNOSA",1159
1160,"Presidencia del municipio de MATAMOROS",1160
1161,"Presidencia del municipio de NUEVO LAREDO",1161
1162,"Presidencia del municipio de SOLIDARIDAD",1162
1163,"Presidencia del municipio de SOLEDAD DE GRACIANO SÁNCHEZ",1163
1164,"Presidencia del municipio de VICTORIA",1164
1165,"Diputación por representación proporcional de la circuscripción  1",1165
1166,"Diputación por representación proporcional de la circuscripción  2",1166
1167,"Diputación por representación proporcional de la circuscripción  3",1167
1168,"Diputación por representación proporcional de la circuscripción  4",1168
1169,"Diputación por representación proporcional de la circuscripción  5",1169
1170,"Senaduría por representación proporcional",1170
1171,"Presidencia del municipio de ATIZAPÁN",1171
1172,"Presidencia del municipio de COACALCO",1172
1173,"Presidencia del municipio de CHALCO",1173
1174,"Presidencia del municipio de HUIXQUILUCAN",1174
1175,"Presidencia del municipio de METEPEC",1175
1176,"Presidencia del municipio de TEXCOCO",1176
1177,"Presidencia del municipio de ZUMPANGO",1177
1178,"Presidencia del municipio de VALLE DE CHALCO SOLIDARIDAD",1178
1179,"Presidencia del municipio de LA PAZ (EDOMEX)",1179
